investor_id,portfolio_turnover,avg_holding_period_days,volatility_exposure,diversification_score,sector_concentration,num_holdings,cash_allocation_pct,international_exposure_pct
1,0.8748357076505616,29,0.9323844269050346,0.3761514928204013,0.7882923312638332,7,0.12896064077536956,0.23837173645764545
2,0.8265262807032524,31,0.8768291153593769,0.27671351232148717,0.8120981135783018,2,0.0,0.17188562353795137
3,0.7993584439832788,30,0.8545987962239394,0.22938481493323543,0.8732824384460778,7,0.053376410234396196,0.12876259068932716
4,0.8227808637737408,30,0.8424503211288848,0.31878490091728356,0.7699680655040598,7,0.019914669388530155,0.2926139092254469
5,0.8493251387631032,26,0.9411272456051595,0.23895781750144887,0.8104431797502378,2,0.0,0.2098430617934562
6,0.8869233289997704,30,0.894217585880588,0.28494481522053555,0.7260739004816287,5,0.026968061452010625,0.2528561113109458
7,0.867180914478423,24,0.9162041984697398,0.28074588597918415,0.7661538999847021,9,0.10154997612479755,0.24656400595580993
8,0.808039123838868,29,0.9165631715701782,0.34877725635611795,0.7760412881077355,7,0.0,0.14018966879596648
9,0.8906262911197099,34,0.8963994939209833,0.3501766448946012,0.8180818012523817,6,0.0680697802754207,0.27690182832329846
10,0.8482086980445024,34,0.7690127447955128,0.3410951252187612,0.8043523534119086,7,0.05458803882677512,0.10062155426995537
11,0.0890164056081244,393,0.2738947022370758,0.8240864890863177,0.15957531985534062,28,0.2257701058851037,0.4664375554829842
12,0.07351198981164807,399,0.20485387746740202,0.8984322495266445,0.1648973453061324,29,0.1603945923433921,0.3768242525933941
13,0.1148060138532288,389,0.20025567283212306,0.8382706433312427,0.12923146289747928,28,0.1628642741736615,0.40988613653891903
14,0.09193571441669955,395,0.2943092950605265,0.858728890641592,0.21287751953613823,29,0.08406143923504791,0.4486743062275392
15,0.10301151049705133,473,0.19038195176094388,0.8650773671166806,0.19826441151473784,26,0.23714114072575102,0.48759665163433874
16,0.13955159735215236,345,0.270139715546805,0.7799074468603859,0.22934285469001353,36,0.13047318374346556,0.42168511351986143
17,0.10498256825438207,360,0.12246682844669338,0.8534281487403014,0.14688481431369477,31,0.13402878828830983,0.527496720250877
18,0.06083733538318815,367,0.2406758608684835,0.7884567841783022,0.21137299673020649,33,0.0996258382719386,0.4592316929266152
19,0.11299413971242118,409,0.1381524644560959,0.7839771693457862,0.2260970782808449,30,0.19252464251729381,0.4673224104748488
20,0.06599876392107545,388,0.21465362366493407,0.8142824290986815,0.29328872555723784,31,0.12043482513986756,0.4828276804316915
21,0.4512659164886339,194,0.5579297789503702,0.5589658840824144,0.5481688064622161,21,0.1411030079997245,0.39483964913269737
22,0.4877305941998565,166,0.45552427851872385,0.559209485751728,0.49614491452929477,21,0.11383453996650096,0.3413591624518012
23,0.5006500945938953,206,0.4867671583381022,0.7360084583294809,0.5312833673882503,17,0.04645537509694439,0.3241236207621593
24,0.48882686073370746,192,0.5236618812286773,0.5963585543671563,0.45766031409657976,15,0.07767425239664895,0.34281993971617364
25,0.5107046872065102,157,0.5086590462925591,0.6192658689864419,0.45580712818994334,20,0.1029104359223,0.24285148510846882
26,0.5178893680174141,190,0.5541525621587639,0.6526901026017451,0.43111653160214547,17,0.125751763360433,0.32568929754561043
27,0.5257523843153024,249,0.5285445255346584,0.6567782820090299,0.5477000881746601,21,0.08423653776798272,0.33794846102466336
28,0.46135873927312143,175,0.47573182260854485,0.6040937069693161,0.6157329283336754,14,0.13431300951872568,0.2193642064405174
29,0.47640340671052833,199,0.5032140009547731,0.5461127611035347,0.4642348145370016,22,0.06348166841414317,0.31082292947909873
30,0.5022785919951906,168,0.6071972044662663,0.6316959511159005,0.39874287066711966,20,0.0669106767615806,0.3426216667398112
31,0.6603739630783649,88,0.8752493639490229,0.4432877597085061,0.8399851796472112,8,0.026252734441952193,0.16733353837131443
32,0.7882727120140548,93,0.7869558022832477,0.44589309735273885,1.0,13,0.0,0.17578829635668744
33,0.7633455574593311,83,0.8721909714073114,0.4387317026714669,0.8536534764210959,9,0.0,0.1487806179332855
34,0.687371592430342,78,0.9316205651965818,0.32849293110196837,0.8779977756651508,10,0.12206366445330578,0.12820689244102804
35,0.7581581876077479,90,0.8009245674476024,0.4231051737131636,0.9099529847786735,8,0.05349010424950095,0.180734320156912
36,0.7056758672625624,95,0.9293008408072676,0.3381092250586576,1.0,4,0.04241074524822083,0.22941586032422884
37,0.7140495933867516,84,0.8395938874821363,0.3753499532670584,0.8705317621527895,12,0.06785077429825237,0.16535452023696728
38,0.7449799937716625,92,0.890643105941948,0.4314814420961806,0.8585502494538964,8,0.08736468025616309,0.23051851327167325
39,0.6989549203017925,91,0.9138832447894212,0.37042143055820853,0.927354869058502,9,0.03911593983863899,0.2549388425993595
40,0.7412708174494015,97,0.9152739403577165,0.401050192081638,0.9340976485647482,9,0.06620831762442211,0.19349284728161578
41,0.1848497982496359,339,0.17908896583832637,0.8546193637842731,0.22969913092501493,23,0.40790554367500337,0.4195831346981468
42,0.21120599085260774,340,0.21938766135765428,0.7051372814257084,0.28379022790968633,24,0.3987559866708875,0.3726471309248931
43,0.1387251401603744,309,0.2406465727137812,0.7218137723598013,0.23888898022167845,27,0.3622483285554361,0.3546528412314435
44,0.15644808471908386,327,0.1475957829251338,0.6796268112811722,0.24407778893737822,26,0.3655453782799002,0.45376781084747764
45,0.22288298116010097,314,0.21904918960486555,0.6998735317681095,0.27907434320038055,26,0.3661359280169045,0.33863845282238386
46,0.2059673257120586,369,0.21456199257715713,0.770085586104947,0.3145071995855557,25,0.36120462409052084,0.38062962003908973
47,0.18488380492744158,295,0.22122550871294713,0.7748999145622725,0.35255718038975215,29,0.4576591228755778,0.3416326218555975
48,0.2236160318360339,325,0.3294901466608836,0.7095850857322424,0.23801390789096122,25,0.24380521378450964,0.353712248915962
49,0.1420433669223151,324,0.23708779878885797,0.8438085419607944,0.3275211919093025,25,0.3050792664325821,0.40459595857532527
50,0.11398833964896789,378,0.27897200603606437,0.7265412173947647,0.19434327354545616,31,0.3442730077373691,0.4418908155986731
51,0.4148195023376652,143,0.056375496650927115,0.8647223762550532,0.8129010091300776,39,0.9966368370739054,0.5554317056026274
52,0.7689874151805105,472,0.8496473906774115,0.24734810174319766,0.4505441353100935,9,0.9540510272587224,0.60617463445088
53,0.22864280550346272,339,0.6181282404578958,0.3581627180328405,0.11355759219962902,28,0.5203077009037933,0.7723183917356393
54,0.5201635011119934,427,0.5519068387744855,0.5609379715353863,0.876653602658345,19,0.13401522845064073,0.028782676313338973
55,0.755137255673619,313,0.7040797680992236,0.21296416150891073,0.13637147558676976,5,0.350587558806597,0.5899176868546331
